"FILE","JD-OBS","DATE-OBS","EXPTIME","OBSERVER","INSTRUMENT","PHASE","CENTER","RV","ERROR"
"alphadra_20220513233026_gbertrand.fits",2459713.479477022,"2022-05-13T23:30:26.8146777",2000.0,"gbertrand","72ED + StarEx2400 + ASI183MM",0.8640065698146486,6563.416499878062,15.833101118331085,0.8211930941588849
"alphadra_20220527213355_gbertrand.fits",2459727.3985543717,"2022-05-27T21:33:55.0977123",2400,"gbertrand","72ED + StarEx2400 + ASI183MM",0.13469883240017566,6562.611157240469,-21.310816730199825,1.1502468486483914
"alphadra_20220602215240_gbertrand.fits",2459733.41158115,"2022-06-02T21:52:40.6113366",2400.0,"gbertrand","72ED + StarEx2400 + ASI183MM",0.251637605182907,6562.204296868642,-39.88529496916968,0.35212426047226325
"alphadra_20220608211443_gbertrand.fits",2459739.385222168,"2022-06-08T21:14:43.1953193",2000,"gbertrand","72ED + StarEx2400 + ASI183MM",0.36781042055704916,6562.106209046223,-44.196109395072696,0.3779361503251889
"alphadra_20220611211237_gbertrand.fits",2459742.3837715667,"2022-06-11T21:12:37.8633742",1800,"gbertrand","72ED + StarEx2400 + ASI183MM",0.42612492666651747,6562.125490945854,-43.196849999183854,0.5263884692234289
"alphadra_20220613211820_gbertrand.fits",2459744.387740086,"2022-06-13T21:18:20.7433959",1200,"gbertrand","72ED + StarEx2400 + ASI183MM",0.46509724925428486,6562.122456688294,-43.24588345369588,0.9597176502942101
"alphadra_20220616205603_gbertrand.fits",2459747.3722602837,"2022-06-16T20:56:03.2884949",1200,"gbertrand","72ED + StarEx2400 + ASI183MM",0.5231389214702347,6562.208909987491,-39.12407464061756,0.29339193035007044
"alphadra_20221021184854_gbertrand.fits",2459874.283962746,"2022-10-21T18:48:54.3812527",1200,"gbertrand","72ED + StarEx2400 + ASI183MM",0.9912634260427922,6563.635211027515,46.4955650209468,0.5836908876110902
"alphadra_20230305202003_aleduc.fits",2460009.347259032,"2023-03-05T20:20:03.1803571",3600.000004,"aleduc","MTO 100F7.5 Starex 2400t 19mic asi183mm",0.6179166405499643,6562.132450626269,-32.59849279588081,1.340855248655941
"alphadra_20230322193823_aleduc.fits",2460026.3183306926,"2023-03-22T19:38:23.7718421",2700.0,"aleduc","N130F8 Starex 2400t 19mic asi183mmpro",0.9479627830368429,6563.972612721048,48.07339250341854,1.1818802882739132
"alphadra_20230326204416_aleduc.fits",2460030.364081822,"2023-03-26T20:44:16.6693950",900.0,"aleduc","N130F8 Starex 2400t 19mic asi183mmpro",0.026642820478826934,6563.657454970096,32.914861777731545,1.009804197040374
"alphadra_20230327203524_aleduc.fits",2460031.357921263,"2023-03-27T20:35:24.3971244",900.000001,"aleduc","N130F8 Starex 2400t 19mic asi183mmpro",0.0459705848312808,6563.417213572328,21.761938866734013,1.5866474179769279
"alphadra_20230328193215_aleduc.fits",2460032.3140694466,"2023-03-28T19:32:15.6001810",900.0,"aleduc","N130F8 Starex 2400t 19mic asi183mmpro",0.06456534572220107,6563.17666377742,10.610707085840673,1.5339730466048878
"alphadra_20230330192112_aleduc.fits",2460034.3063922925,"2023-03-30T19:21:12.2940714",1800.0,"aleduc","N130F8 Starex 2400t 19mic asi183mmpro",0.10331118823671659,6562.748592794083,-9.293624390628382,0.9710473837026198
"alphadra_20230402194337_aleduc.fits",2460037.321956701,"2023-04-02T19:43:37.0589709",900.0,"aleduc","N130F8 Starex 2400t 19mic asi183mmpro",0.16195659498501414,6562.357764929087,-27.663825435468453,0.9106961441933098
"alphadra_20230404191632_aleduc.fits",2460039.303152937,"2023-04-04T19:16:32.4137500",900.000001,"aleduc","N130F8 Starex 2400t 19mic asi183mmpro",0.20048605194782,6562.212521704696,-34.623397148770806,2.167526672929436
"alphadra_20230404223538_bchristian.fits",2460039.4414129723,"2023-04-04T22:35:38.080800",6000.0,"cbuil","FSQ106ED + StarEx2400  + ASI533MM",0.20317487397551304,6562.183759722245,-36.026333113126654,0.6936219407777383
"alphadra_20230405012157_bchristian.fits",2460039.5569155556,"2023-04-05T01:21:57.504000",3000.0,"cbuil","FSQ106ED + StarEx2400  + ASI533MM",0.20542111881127312,6562.158965930151,-37.27992734101063,0.1607959227444344
"alphadra_20230406010825_bchristian.fits",2460040.5475194165,"2023-04-06T01:08:25.677600",3000,"cbuil","FSQ106ED + StarEx2400  + ASI533MM",0.22468595898010335,6562.135337762581,-38.51304062773998,0.24670954465126224
"alphadra_20230406203307_bchristian.fits",2460041.3563414724,"2023-04-06T20:33:07.903200",3000.0,"cbuil","100ED + StarEx2400  + ASI533MM",0.24041558435789057,6562.101725412751,-40.031404296659886,0.5311042332404315
"alphadra_20230407191728_aleduc.fits",2460042.3037993344,"2023-04-07T19:17:28.2625145",2700.0,"aleduc","N130F8 Starex 2400t 19mic asi183mmpro",0.25884133959633004,6562.077652784308,-41.26513444033207,0.6920312905961892
"alphadra_20230407194422_xdupont.fits",2460042.3224862283,"2023-04-07T19:44:22.8101422",4200.0,"xdu","Newton 115x900 + StarEx2400  + ASI183MM",0.25920475431504997,6562.075536393764,-41.374004471579795,0.45068627359522145
"alphadra_20230408195713_bchristian.fits",2460043.3314093053,"2023-04-08T19:57:13.764000",4200,"cbuil","ASKAR300 + StarEx2400  + ASI533MM",0.278825858762616,6562.030653829771,-43.579532346398786,0.6815207839915955
"alphadra_20230408215925_bchristian.fits",2460043.4162676665,"2023-04-08T21:59:25.526400",4800.0,"cbuil","FSQ106ED + StarEx2400  + ASI533MM",0.2804761478734292,6562.042886679232,-43.080709357946134,0.1940256900239723
"alphadra_20230409192225_bchristian.fits",2460044.3072344447,"2023-04-09T19:22:25.056000",4800.0,"cbuil","FSQ106ED + StarEx2400  + ASI533MM",0.29780328867494177,6562.032327956399,-43.646720726696245,0.21231177647841698
"alphadra_20230409195418_aleduc.fits",2460044.3293760214,"2023-04-09T19:54:18.0882412",1800.000002,"aleduc","N130F8 Starex 2400t 19mic asi183mmpro",0.2982338885886975,6562.052026245705,-42.75707118041741,0.7912148646664945
"alphadra_20230411190321_bchristian.fits",2460046.293997222,"2023-04-11T19:03:21.360000",9000.0,"cbuil","FSQ106ED + StarEx2400  + ASI533MM",0.33644100135722965,6562.007368139242,-45.08406588447372,0.12793624447667873
"alphadra_20230416022952_bchristian.fits",2460050.6040814444,"2023-04-16T02:29:52.636800",4800.0,"cbuil","FSQ106ED + StarEx2400  + ASI533MM",0.4202616757280566,6562.039732572702,-44.45525903754217,0.4184550290515512
"alphadra_20230417190807_bchristian.fits",2460052.2973123332,"2023-04-17T19:08:07.785600",6600.0,"cbuil","FSQ106ED + StarEx2400  + ASI533MM",0.45319090579488375,6562.047945923527,-44.08181454162647,0.10464769356863518
"alphadra_20230417201023_ebertrand.fit",2460052.3405439816,"2023-04-17T20:10:23",1804,"ebe","C11-f2800-LhiresIII_2400-35u-Atik314L+",0.4540316564010425,6562.0872489981775,-42.30402043609481,0.6055423011118222
"alphadra_20230417202309_xdupont.fits",2460052.349417291,"2023-04-17T20:23:09.6539528",4800.0,"xdu","Newton 115x900 + StarEx2400  + ASI183MM",0.4542042207282577,6562.054615966631,-43.80548153441268,0.5710787352025913
"alphadra_20230418193857_bchristian.fits",2460053.318725361,"2023-04-18T19:38:57.871200",6000.0,"cbuil","FSQ106ED + StarEx2400  + ASI533MM",0.4730549094622063,6562.090755234891,-42.26936327763359,0.42522581825222916
"alphadra_20230419014838_rdiz.fits",2460053.575439815,"2023-04-19T01:48:38",3600,"rdiz","C8 + StarEx2400 + ASI183MM-Pro",0.47804738235561217,6562.081645313863,-42.70145413584974,1.2257458221630795
"alphadra_20230419184939_aleduc.fits",2460054.284490338,"2023-04-19T18:49:39.9651949",3600.0,"aleduc","N130F8 Starex 2400t 19mic asi183mmpro",0.4918366936415737,6562.114150573467,-41.314623784426246,0.8480527474711236
"alphadra_20230419191118_bchristian.fits",2460054.2995149447,"2023-04-19T19:11:18.091200",7800.0,"cbuil","FSQ106ED + StarEx2400  + ASI533MM",0.49212888576423097,6562.102537950008,-41.85102834034422,0.5114447604610061
"alphadra_20230419195451_xdupont.fits",2460054.329765338,"2023-04-19T19:54:51.7252216",4800.0,"xdu","Newton 115x900 + StarEx2400  + ASI183MM",0.49271718247428,6562.099355191145,-42.013492212801424,0.3008007505902603
"alphadra_20230419201040_vlecocq.fits",2460054.3407420833,"2023-04-19T20:10:40.116000",3600,"v. lecocq","M703@F10_StarEx2400_fente 35 m_ASI183",0.49293065352134136,6562.135688454644,-40.360974641627365,0.7525210984044215
"alphadra_20230419202227_ebertrand.fit",2460054.348923611,"2023-04-19T20:22:27",1807,"ebe","C11-f2800-LhiresIII_2400-35u-Atik314L+",0.4930897643729395,6562.136747687238,-40.30989715770676,0.970414732793898
"alphadra_20230420200710_vlecocq.fits",2460055.338310639,"2023-04-20T20:07:10.039200",3000.0,"v. lecocq","M703@F10_StarEx2400_fente 35 m_ASI183",0.5123309400937899,6562.136802646766,-40.4353625287854,1.1614243818934096
"alphadra_20230421191545_bchristian.fits",2460056.302607139,"2023-04-21T19:15:45.256800",8400.0,"cbuil","FSQ106ED + StarEx2400  + ASI533MM",0.5310841659637049,6562.1541350980715,-39.74547480521005,0.38788439741685427
"alphadra_20230421192813_aleduc.fits",2460056.3112621163,"2023-04-21T19:28:13.0468330",5400.0,"aleduc","N130F8 Starex 2400t 19mic asi183mmpro",0.5312524842581468,6562.176927938293,-38.70926920556463,1.2116274814537653
"alphadra_20230424001401_bchristian.fits",2460058.5097360834,"2023-04-24T00:14:01.197600",6600.0,"cbuil","FSQ106ED + StarEx2400  + ASI533MM",0.5740074656010279,6562.234224889929,-36.50758368164881,0.3790263442832601
"alphadra_20230424015151_rdiz.fits",2460058.577673611,"2023-04-24T01:51:51",1800,"rdiz","C8+StarEx2400+ASI183MM",0.5753286855819226,6562.240770273948,-36.05018244626349,1.2713769317154442
"alphadra_20230424192728_bchristian.fits",2460059.3107419442,"2023-04-24T19:27:28.104000",7800.0,"cbuil","FSQ106ED + StarEx2400  + ASI533MM",0.5895850849612998,6562.260357346578,-35.24919293991766,0.5719247955683875
"alphadra_20230425193216_aleduc.fits",2460060.3140760185,"2023-04-25T19:32:16.1679961",1800.0,"aleduc","N200F5 Starex 2400t 19mic asi183mmpro",0.6090974968741136,6562.319118876705,-32.678355638410935,0.48457129609792843
"alphadra_20230425210110_bchristian.fits",2460060.3758160835,"2023-04-25T21:01:10.509600",5400.0,"cbuil","100ED + StarEx2400  + ASI533MM",0.6102981912495693,6562.306745411226,-33.2888399022034,0.6785800490254035
"alphadra_20230426204009_bchristian.fits",2460061.361216333,"2023-04-26T20:40:09.091200",7200.0,"cbuil","100ED + StarEx2400  + ASI533MM",0.6294618338132238,6562.341598336277,-31.792832078589214,0.4818187580536681
"alphadra_20230427234932_bchristian.fits",2460062.492739861,"2023-04-27T23:49:32.724000",6000.0,"cbuil","100ED + StarEx2400  + ASI533MM",0.6514672193841022,6562.401542719335,-29.287120425499875,0.41533961016068205
"alphadra_20230501014524_rdiz.fits",2460065.5731944446,"2023-05-01T01:45:24",3600,"rdiz","C8+StarEx2400+ASI183MM",0.7113745825022875,6562.567943612619,-21.832623018766924,1.7444111309951307
"alphadra_20230501201152_ebertrand.fit",2460066.3415740742,"2023-05-01T20:11:52",1804,"ebe","C11-f2800-LhiresIII_2400-35u-Atik314L+",0.7263177008736079,6562.679273235084,-16.836249047631302,0.8445073960093128
"alphadra_20230501201509_aleduc.fits",2460066.3438541666,"2023-05-01T20:15:09",3601,"aleduc","MTO 100F7.5 Starex 2400t SL asi183mmpro",0.726362043134003,6562.703968022406,-15.721031750655229,0.49260012156179606
"alphadra_20230501214412_bchristian.fits",2460066.4056950836,"2023-05-01T21:44:12.055200",4800.0,"cbuil","100ED + StarEx2400  + ASI533MM",0.7275646988358346,6562.657573904089,-17.89462709741325,0.8613617700089798
"alphadra_20230501215344_agarrigós.fits",2460066.412314815,"2023-05-01T21:53:44",1508,"a. garrigos","C11(F/10)-LHIRES3_2400 ATIK460EX",0.7276934365411591,6562.694736234116,-16.19009430142345,0.33706190319397256
"alphadra_20230502191911_aleduc.fits",2460067.3049912252,"2023-05-02T19:19:11.2418766",2400.000048,"aleduc","N200F5 Starex 2400t 19mic asi183mmpro",0.7450538255366723,6562.721485254546,-14.982807464051259,0.5765139595398772
"alphadra_20230502192052_bchristian.fits",2460067.3061655834,"2023-05-02T19:20:52.706400",5400.0,"cbuil","100ED + StarEx2400  + ASI533MM",0.7450766639523465,6562.727696615181,-14.699342542430301,0.508618084942946
"alphadra_20230502192230_ogarde.fit",2460067.3072916665,"2023-05-02T19:22:30",6077,"olivier garde","RC400 Astrosib-ESP-ATIK460EX",0.7450985635344125,6562.7212361903385,-14.996370160063105,0.41258217907059375
"alphadra_20230502203145_xdupont.fits",2460067.3553908626,"2023-05-02T20:31:45.7705224",4800.0,"xdu","Newton 115x900 + StarEx2400 F23mic + ASI183MM",0.7460339761253465,6562.702085680324,-15.899312880497707,0.6318353894502869
"alphadra_20230502205736_agarrigós.fits",2460067.3733333335,"2023-05-02T20:57:36",1206,"a. garrigos","C11(F/10)-LHIRESIII_2400 ATIK460EX",0.746382913625979,6562.740913416052,-14.13447432559726,0.7792819898632881
"alphadra_20230502212244_vlecocq.fits",2460067.3907936113,"2023-05-02T21:22:44.568000",3000.0,"v. lecocq","FSQ106@F8_StarEx2400_fente 19 m_ASI183",0.7467224736396361,6562.716048368972,-15.296068658461717,1.223570910331492
"alphadra_20230502213518_mlelain.fits",2460067.3995224535,"2023-05-02T21:35:18.740",4800.0,"mlelain","Mak127 + StarEx2400  + ASI183MM",0.7468922284300845,6562.736075230818,-14.374016600205744,1.490825056447807
"alphadra_20230503022357_rdiz.fits",2460067.5999652776,"2023-05-03T02:23:57",1800,"rdiz","C8+StarEx2400+ASI183MM",0.7507903547351873,6562.794826204764,-11.674368207717164,1.35684865142224
"alphadra_20230503191927_ogarde.fit",2460068.3051736113,"2023-05-03T19:19:27",7243,"olivier garde","RC400 Astrosib-ESP-ATIK460EX",0.764504944764326,6562.815565511625,-10.772499613169764,0.3671128309218027
"alphadra_20230503192001_aleduc.fits",2460068.305570462,"2023-05-03T19:20:01.2879143",2400.0,"aleduc","N200F5 Starex 2400t 19mic asi183mmpro",0.7645126625434671,6562.798000048812,-11.574454952324805,0.35835623588011173
"alphadra_20230503204747_mlarsson.fits",2460068.3665220486,"2023-05-03T20:47:47.505",3600.0,"lmn","C8 + StarEx + QHY183",0.7656980229325256,6562.8248173242655,-10.422650820371437,0.26061643307017396
"alphadra_20230503210109_vlecocq.fits",2460068.375807944,"2023-05-03T21:01:09.806400",3000,"v. lecocq","FSQ106@F8_StarEx2400_fente 19 m_ASI183",0.7658786110585822,6562.8151914177415,-10.840990901872493,0.3528057451742222
"alphadra_20230503214601_ogarde.fit",2460068.4069560184,"2023-05-03T21:46:01",8453,"olivier garde","RC400 Astrosib-ESP-ATIK460EX",0.7664843654823414,6562.826850505658,-10.33770398466561,0.5339201050808349
"alphadra_20230503230444_bchristian.fits",2460068.4616315556,"2023-05-03T23:04:44.966400",6000.0,"cbuil","100ED + StarEx2400  + ASI533MM",0.7675476719422534,6562.832110239842,-10.154619261602951,0.559479945145565
"alphadra_20230504000702_ogarde.fit",2460068.5048842593,"2023-05-04T00:07:02",9662,"olivier garde","RC400 Astrosib-ESP-ATIK460EX",0.7683888320236747,6562.825938437712,-10.473713383429724,0.5850378962925173
"alphadra_20230504192358_bchristian.fits",2460069.3083217223,"2023-05-04T19:23:58.996800",8400.0,"cbuil","100ED + StarEx2400  + ASI533MM",0.784013740143763,6562.910564455558,-6.517393443308849,0.5580628412166508
"alphadra_20230504194241_ogarde.fit",2460069.3213078706,"2023-05-04T19:42:41",7245,"olivier garde","RC400 Astrosib-ESP-ATIK460EX",0.7842662892001044,6562.926320489932,-5.807090300850053,0.5034780883578094
"alphadra_20230504195524_xdupont.fits",2460069.330143303,"2023-05-04T19:55:24.3813843",6000.0,"xdu","Newton 115x900 + StarEx2400 F23mic + ASI183MM",0.7844381169137762,6562.910455350956,-6.533738350783964,0.36178462755848695
"alphadra_20230504201400_ebertrand.fit",2460069.3430555556,"2023-05-04T20:14:00",2417,"ebe","C11-f2800-LhiresIII_2400-35u-Atik314L+",0.7846892288764025,6562.913763758754,-6.385210996563194,0.41523239922059313
"alphadra_20230505013348_rdiz.fits",2460069.565138889,"2023-05-05T01:33:48",3600,"rdiz","C8+StarEx2400+ASI183MM",0.7890082105512306,6562.983890188818,-3.176349847382143,1.61055304288009
"alphadra_20230505192246_bchristian.fits",2460070.30748425,"2023-05-05T19:22:46.639200",7800.0,"cbuil","100ED + StarEx2400  + ASI533MM",0.8034450256036507,6563.017418948423,-1.7164107482082542,0.6463668821716567
"alphadra_20230506054254_astiewing.fits",2460070.738125,"2023-05-06T05:42:54",1206,"albert stiewing","C14_Lhires3_#154_2400_Atik460EX",0.8118199427102866,6563.044799455839,-0.570574108068012,0.7431412304611904
"alphadra_20230506193013_bchristian.fits",2460071.3126515555,"2023-05-06T19:30:13.094400",7200.0,"cbuil","100ED + StarEx2400  + ASI533MM",0.8229930894124777,6563.139418046179,3.7751089013602854,0.5233018207346797
"alphadra_20230506193903_vlecocq.fits",2460071.3187854444,"2023-05-06T19:39:03.062400",3000,"v. lecocq","FSQ106@F8_StarEx2400_fente 19 m_ASI183",0.8231123786590899,6563.136993877845,3.660395009486006,1.3848394003153754
"alphadra_20230506202914_mlarsson.fits",2460071.353637986,"2023-05-06T20:29:14.322",3600.0,"lmn","C8 + StarEx + QHY183",0.823790175978786,6563.143361673596,3.8956926736316255,3.709800611531472
"alphadra_20230506221527_agarrigós.fits",2460071.427395833,"2023-05-06T22:15:27",2931,"a. garrigos","C11(F/10)-LHIRESIII_2400 ATIK460EX",0.8252245870441755,6563.160361567979,4.6436027804585756,0.4989722425267604
"alphadra_20230507193445_bchristian.fits",2460072.315808,"2023-05-07T19:34:45.811200",6600.0,"cbuil","100ED + StarEx2400  + ASI533MM",0.84250204685776,6563.272290822859,9.767436828075203,0.5792237220497979
"alphadra_20230507201110_xdupont.fits",2460072.3410958876,"2023-05-07T20:11:10.6847062",5400.0,"xdu","Newton 115x900 + StarEx2400 F23mic + ASI183MM",0.8429938348782002,6563.273085905965,9.790559092052833,0.5644529555146417
"alphadra_20230507203152_gbertrand.fits",2460072.355470601,"2023-05-07T20:31:52.6599404",4500,"gbertrand","72ED + StarEx2400 + ASI183MM",0.8432733881560353,6563.29729868369,10.890736670598551,0.8052779996391913
"alphadra_20230508021259_rdiz.fit",2460072.592349537,"2023-05-08T02:12:59",3608,"rdiz","C8 + StarEx2400 + ASI183MM",0.8478801083847998,6563.365655190488,14.004938563337607,0.2639885541406475
"alphadra_20230508034101_astiewing.fits",2460072.6534837964,"2023-05-08T03:41:01",1206,"albert stiewing","C14_Lhires3_#154_2400_Atik460EX",0.8490690213086225,6563.318312943844,11.855675122563254,0.19305147551567794
"alphadra_20230508193022_vlecocq.fits",2460073.3127560555,"2023-05-08T19:30:22.123200",3600,"v. lecocq","FSQ106@F8_StarEx2400_fente 19 m_ASI183",0.8618902662080359,6563.44740424543,17.697009638666866,0.7863512347624351
"alphadra_20230508194623_aleduc.fits",2460073.323885213,"2023-05-08T19:46:23.6824159",3600.0,"aleduc","N130F8 Starex 2400t 19mic asi183mmpro",0.8621067013050379,6563.429182098442,16.855488716127443,0.9694442695658777
"alphadra_20230508205143_bchristian.fits",2460073.3692529444,"2023-05-08T20:51:43.454400",6000.0,"cbuil","100ED + StarEx2400  + ASI533MM",0.8629889935368169,6563.429264497589,16.821616201187005,0.7004985377068578
"alphadra_20230509233527_bchristian.fits",2460074.4829605278,"2023-05-09T23:35:27.789600",6600.0,"cbuil","100ED + StarEx2400  + ASI533MM",0.8846479022440406,6563.62032861189,25.369749594074115,0.6472788675676349
"alphadra_20230510035013_astiewing.fits",2460074.659872685,"2023-05-10T03:50:13",1206,"albert stiewing","C14_Lhires3_#154_2400_Atik460EX",0.8880884142078287,6563.591819350527,24.203500362188983,0.6229194887980377
"alphadra_20230510193319_bchristian.fits",2460075.314808889,"2023-05-10T19:33:19.488000",7200.0,"cbuil","100ED + StarEx2400  + ASI533MM",0.900825333357119,6563.755464931205,31.631650643484633,0.5415776368823717
"alphadra_20230511200650_ebertrand.fit",2460076.3380787037,"2023-05-11T20:06:50",3012,"ebe","C11-f2800-LhiresIII_2400-35u-Atik314L+",0.9207254470263422,6563.947682638869,40.34351657683553,0.44971992940398225
"alphadra_20230511210922_rleadbeater.fit",2460076.3815046297,"2023-05-11T21:09:22",820,"leadbeater","C11_LHIRES_2400_ATK460",0.9215699758604217,6563.938080998317,39.86352618754785,0.5223984870868159
"alphadra_20230511225343_bchristian.fits",2460076.4539722223,"2023-05-11T22:53:43.200000",5400.0,"cbuil","100ED + StarEx2400  + ASI533MM",0.9229792946030955,6563.944653359587,40.08277962129333,0.6168214935080533
"alphadra_20230512034100_astiewing.fits",2460076.6534722224,"2023-05-12T03:41:00",1078,"albert stiewing","C14_Lhires3_#154_2400_Atik460EX",0.9268590852714738,6563.955055435782,40.673389920773815,0.5606584494109597
"alphadra_20230512192946_bchristian.fits",2460077.312341667,"2023-05-12T19:29:46.320000",6600.0,"cbuil","100ED + StarEx2400  + ASI533MM",0.9396724964027214,6564.077266485912,46.20979829410976,0.4238867880920201
"alphadra_20230512201726_gbertrand.fits",2460077.345441599,"2023-05-12T20:17:26.1541274",5400,"gbertrand","72ED + StarEx2400 + ASI183MM",0.9403162097246991,6564.099442905624,47.209132098687014,0.7353891864948359
"alphadra_20230513032013_astiewing.fits",2460077.639039352,"2023-05-13T03:20:13",1367,"albert stiewing","C14_Lhires3_#154_2400_Atik460EX",0.9460259732453267,6564.147744345212,49.42838408889248,0.41796273002179407
"alphadra_20230513202446_gbertrand.fits",2460078.3505358337,"2023-05-13T20:24:46.2960257",4500,"gbertrand","72ED + StarEx2400 + ASI183MM",0.9598628524870492,6564.165693520712,50.174725933311734,0.48264121904989105
"alphadra_20230513203244_mlarsson.fits",2460078.3560681017,"2023-05-13T20:32:44.284",7200.0,"lmn","C8 + StarEx + QHY183",0.9599704416681334,6564.168283095139,50.24976270037009,0.17957148298646622
"alphadra_20230513211137_xdupont.fits",2460078.383068543,"2023-05-13T21:11:37.1221000",5400.0,"xdu","Newton 115x900 + StarEx2400 F23mic + ASI183MM",0.9604955346997883,6564.259698208721,54.437429585654314,3.0683855522341204
"alphadra_20230513213910_bchristian.fits",2460078.4022049443,"2023-05-13T21:39:10.507200",6000.0,"cbuil","100ED + StarEx2400  + ASI533MM",0.9608676912480689,6564.185101485374,50.99922422791794,0.37341437193715665
"alphadra_20230514014317_rdiz.fits",2460078.571724537,"2023-05-14T01:43:17",3600,"rdiz","C8 + StarEx2400 + ASI183MM",0.9641644357739096,6564.211988794026,52.298039293539425,1.5035982982043286
"alphadra_20230514201146_ebertrand.fit",2460079.3415046297,"2023-05-14T20:11:46",3014,"ebe","C11-f2800-LhiresIII_2400-35u-Atik314L+",0.9791347897561593,6564.202695697648,51.81925783184572,0.4082542032000385
"alphadra_20230514202757_mlarsson.fits",2460079.3527471414,"2023-05-14T20:27:57.353",1800.0,"lmn","C8 + StarEx + QHY183",0.9793534293145001,6564.246503461091,53.77179302706037,2.2469233324868783
"alphadra_20230514221331_bchristian.fits",2460079.426061972,"2023-05-14T22:13:31.754400",7200.0,"cbuil","100ED + StarEx2400  + ASI533MM",0.9807792247816849,6564.181662659019,50.76495168880682,0.6439758412142284
"alphadra_20230515192836_aleduc.fits",2460080.3115359,"2023-05-15T19:28:36.7017532",3600.0,"aleduc","N130F8 Starex 2400t 19mic asi183mmpro",0.9979995429818587,6564.093600058444,46.794865165741626,1.1265747332479334
"alphadra_20230515202047_bchristian.fits",2460080.347775139,"2023-05-15T20:20:47.772000",5400.0,"cbuil","100ED + StarEx2400  + ASI533MM",0.9987043081995068,6564.0842066606865,46.336334791618796,0.1171919457780147
"alphadra_20230515212130_gbertrand.fits",2460080.389937341,"2023-05-15T21:21:30.5862651",4000,"gbertrand","72ED + StarEx2400 + ASI183MM",0.9995242606754573,6564.0698924293665,45.662300365262055,0.5428905664812769
"alphadra_20230516011752_xdupont.fits",2460080.5540782665,"2023-05-16T01:17:52.3622390",6300.0,"xdu","Newton 115x900 + StarEx2400 F23mic + ASI183MM",0.0027164031809832068,6564.153631331157,49.342623062914086,1.8056166384977297
"alphadra_20230516205137_ebryssinck.fit",2460081.369189792,"2023-05-16T20:51:37.998",2391.0,"e.bryssinck","C11_LHiRes_2400_TRIUSSX814",0.018568343472196602,6563.914235860704,38.50572389508389,0.4618304467174991
"alphadra_20230516210843_mlelain.fits",2460081.381057396,"2023-05-16T21:08:43.359",6600.0,"mlelain","Mak127 + StarEx2400  + ASI183MM",0.01879913956281598,6563.953061174797,40.28923240508083,0.8893085958368181
"alphadra_20230516213411_xdupont.fits",2460081.3987432835,"2023-05-16T21:34:11.4196859",4500.0,"xdu","Newton 115x900 + StarEx2400 F23mic + ASI183MM",0.019143087136143322,6563.887374702471,37.26488398246455,0.33455772753009483
"alphadra_20230517201258_gbertrand.fits",2460082.342343851,"2023-05-17T20:12:58.5087433",5500,"gbertrand","72ED + StarEx2400 + ASI183MM",0.03749382735981044,6563.651668428909,26.506413718325202,0.36392418093747747
"alphadra_20230517210037_xdupont.fits",2460082.3754291157,"2023-05-17T21:00:37.0755913",5400.0,"xdu","Newton 115x900 + StarEx2400 F23mic + ASI183MM",0.03813725543648161,6563.646821195343,26.253248394963464,0.3046047501582046
"alphadra_20230518201041_ebertrand.fit",2460083.340752315,"2023-05-18T20:10:41",3016,"ebe","C11-f2800-LhiresIII_2400-35u-Atik314L+",0.05691044810654944,6563.409621323723,15.412158975445482,0.657177097417066
"alphadra_20230518201830_gbertrand.fits",2460083.3461848767,"2023-05-18T20:18:30.3733542",4800,"gbertrand","72ED + StarEx2400 + ASI183MM",0.05701609824805587,6563.38616547915,14.335691060195902,0.437528577633821
"alphadra_20230518203042_ebryssinck.fit",2460083.3546643173,"2023-05-18T20:30:42.997",3018.0,"e.bryssinck","C11_LHiRes_2400_TRIUSSX814",0.057181002781561574,6563.351191192604,12.71435966183748,0.4078918057731607
"alphadra_20230518203412_xdupont.fits",2460083.35708857,"2023-05-18T20:34:12.4524389",5400.0,"xdu","Newton 115x900 + StarEx2400 F23mic + ASI183MM",0.057228148610846574,6563.382658301297,14.161788478144278,0.6686032870942537
"alphadra_20230519045756_jlecomte.fits",2460083.706899016,"2023-05-19T04:57:56.075",1200.0,"jlecomte","AT130EDT+StarEx(2400/80x125)+ASI533MM",0.06403111254039118,6563.343956856963,12.382201933045941,0.5658169239549216
"alphadra_20230519203004_ebryssinck.fit",2460084.354212963,"2023-05-19T20:30:04.000",5416.0,"e.bryssinck","C11_LHiRes_2400_TRIUSSX814",0.07661979729832069,6563.110933390818,1.703768323204251,0.22493315732068012
"alphadra_20230520051953_jlecomte.fits",2460084.722152442,"2023-05-20T05:19:53.971",1200.0,"jlecomte","AT130EDT+StarEx(2400/80x125)+ASI533MM",0.08377532690789735,6563.124339548569,2.299712426297903,1.0757696775523502
"alphadra_20230522194147_bchristian.fits",2460087.3206923055,"2023-05-22T19:41:47.815200",4200.0,"cbuil","100ED + StarEx2400  + ASI533MM",0.134310618674931,6562.611925977952,-21.148049046275453,0.3012564362118636
"alphadra_20230522210454_xdupont.fits",2460087.3784096567,"2023-05-22T21:04:54.5943186",5400.0,"xdu","Newton 115x900 + StarEx2400 F23mic + ASI183MM",0.13543308103399454,6562.61385976162,-21.097336807297154,0.9175973662470462
"alphadra_20230522211339_agarrigós.fits",2460087.3844791665,"2023-05-22T21:13:39",1513,"a. garrigos","C11(F/10)-LHIRESIII_2400 ATIK460EX",0.13555111826400434,6562.605238680896,-21.49773154036412,0.6980797142696545
"alphadra_20230523200113_bchristian.fits",2460088.334181611,"2023-05-23T20:01:13.291200",5704.5,"cbuil","100ED + StarEx2400  + ASI533MM",0.15402052518086862,6562.504215378191,-26.10159193508491,0.04241755396310591
"alphadra_20230523205051_lribédepont.fit",2460088.3686458333,"2023-05-23T20:50:51",3600,"ll. rib?","C11 LHIRES III 2400 Atik 460 EX",0.1546907706360514,6562.578731524632,-22.714854064709566,1.825066477295484
"alphadra_20230523205850_ebryssinck.fit",2460088.374189815,"2023-05-23T20:58:50.000",4814.0,"e.bryssinck","C11_LHiRes_2400_TRIUSSX814",0.15479858762034837,6562.489506235212,-26.80645824854107,0.3555486482654984
"alphadra_20230523210526_agarrigós.fits",2460088.378773148,"2023-05-23T21:05:26",1832,"a. garrigos","C11(F/10)-LHIRESIII_2400 ATIK460EX",0.15488772232305337,6562.481793271958,-27.153206102542214,1.0494440782064907
"alphadra_20230524005600_xdupont.fits",2460088.5388911627,"2023-05-24T00:56:00.1964684",5400.0,"xdu","Newton 115x900 + StarEx2400 F23mic + ASI183MM",0.15800162898153758,6562.475155822688,-27.585354308797502,0.7526649231153485
"alphadra_20230524202318_gbertrand.fits",2460089.3495220104,"2023-05-24T20:23:18.7017190",3600.0,"gbertrand","72ED + StarEx2400 + ASI183MM",0.1737664309702609,6562.406950095312,-30.559447657313466,0.6594521260573343
"alphadra_20230524210807_agarrigós.fits",2460089.3806365742,"2023-05-24T21:08:07",1513,"a. garrigos","C11(F/10)-LHIRESIII_2400 ATIK460EX",0.1743715336984053,6562.419090798051,-30.037630161855077,0.42609837060624806
"alphadra_20230524215334_mlelain.fits",2460089.4122076156,"2023-05-24T21:53:34.738",6300.0,"mlelain","Mak127 + StarEx2400  + ASI183MM",0.17498551380600702,6562.402650317039,-30.805353000067726,0.8557455929874835
"alphadra_20230525193810_aleduc.fits",2460090.318174104,"2023-05-25T19:38:10.2426069",1800.0,"aleduc","N130F8 Starex 2400t 19mic asi183mmpro",0.19260436256115554,6562.316693262329,-34.687630438792475,0.4686584072003134
"alphadra_20230525202807_gbertrand.fits",2460090.3528638217,"2023-05-25T20:28:07.4342016",4800,"gbertrand","72ED + StarEx2400 + ASI183MM",0.19327899334822973,6562.29696374445,-35.600970616852656,0.26863894557158513
"alphadra_20230526001015_xdupont.fits",2460090.507125147,"2023-05-26T00:10:15.6127220",5400.0,"xdu","Newton 115x900 + StarEx2400 F23mic + ASI183MM",0.1962790016228837,6562.315960226467,-34.866853298511884,0.6039872902395805
"alphadra_20230526203655_ebryssinck.fit",2460091.35898147,"2023-05-26T20:36:55.999",4814.0,"e.bryssinck","C11_LHiRes_2400_TRIUSSX814",0.21284553902074776,6562.259714333276,-37.33500525038751,0.19263909725957515
"alphadra_20230526204126_xdupont.fits",2460091.3621145007,"2023-05-26T20:41:26.6928467",6300.0,"xdu","Newton 115x900 + StarEx2400 F23mic + ASI183MM",0.21290646885989872,6562.266538648075,-37.01496685604998,0.7445351776425375
"alphadra_20230526211048_lribédepont.fit",2460091.3825,"2023-05-26T21:10:48",3600,"ll. rib?","C11 LHIRES III 2400 Atik 460 EX",0.2133029173269847,6562.266231094918,-37.047891382567734,1.7029427318368546
"alphadra_20230526213814_vlecocq.fits",2460091.401552139,"2023-05-26T21:38:14.104800",3000.0,"v. lecocq","FSQ106@F8_StarEx2400_fente 19 m_ASI183",0.21367343517729864,6562.298293669484,-35.60823273049283,1.1820688803321877
"alphadra_20230527202600_ebertrand.fit",2460092.351388889,"2023-05-27T20:26:00",3279,"ebe","C11-f2800-LhiresIII_2400-35u-Atik314L+",0.23214545401128817,6562.257461454659,-37.423355858029545,0.5774480025951126
"alphadra_20230527210946_xdupont.fits",2460092.3817844717,"2023-05-27T21:09:46.1783403",5400.0,"xdu","Newton 115x900 + StarEx2400 F23mic + ASI183MM",0.2327365743039138,6562.223747761374,-38.994207427789874,0.5573231347978175
"alphadra_20230527211340_sdevisscher.fits",2460092.384490741,"2023-05-27T21:13:40",3067,"simon de visscher","C8 LHIRES III 35um",0.23278920467106445,6562.2151199179425,-39.40522824320849,1.0983720217018516
"alphadra_20230527211818_gbertrand.fits",2460092.387709908,"2023-05-27T21:18:18.1360792",3600,"gbertrand","72ED + StarEx2400 + ASI183MM",0.23285180965851282,6562.183288779311,-40.84202539905418,0.6204357335708035
"alphadra_20230527212540_bchristian.fits",2460092.392827861,"2023-05-27T21:25:40.327200",5400.0,"cbuil","T200 + StarEx2400  + ASI533MM",0.23295134141588392,6562.209568104222,-39.667394434373605,0.30301478705942636
"alphadra_20230527214833_amaetz.fits",2460092.408715278,"2023-05-27T21:48:33",3090,"amaetz","Mewlon210_L2400-AM_23m_Atik460",0.2332603131040969,6562.251409116267,-37.76909122467098,0.42394424719217505
"alphadra_20230528214035_amaetz.fits",2460093.403184222,"2023-05-28T21:40:35.116800",2100,"a.maetz","Mewlon210 + Lhires3 + 460EX",0.2526003197580451,6562.199720404563,-40.13000952525627,0.23778362402173023
"alphadra_20230528220733_vlecocq.fits",2460093.421914833,"2023-05-28T22:07:33.441600",2400.0,"v. lecocq","FSQ106@F8_StarEx2400_fente 19 m_ASI183",0.2529645846704227,6562.167889062584,-41.59558133604261,0.8724557167009516
"alphadra_20230529005128_xdupont.fits",2460093.5357412756,"2023-05-29T00:51:28.0462184",4500.0,"xdu","Newton 115x900 + StarEx2400 F23mic + ASI183MM",0.25517823263649575,6562.163740060324,-41.85929562045821,0.9066223963375666
"alphadra_20230529200152_vlecocq.fits",2460094.334637722,"2023-05-29T20:01:52.699200",3600.0,"v. lecocq","FSQ106@F8_StarEx2400_fente 19 m_ASI183",0.2707148290071757,6562.123366240879,-43.554149286513976,0.17919681737317214
"alphadra_20230529201925_ebertrand.fit",2460094.3468171298,"2023-05-29T20:19:25",3016,"ebe","C11-f2800-LhiresIII_2400-35u-Atik314L+",0.27095168891963795,6562.149355810545,-42.363720782084656,0.3779331125242158
"alphadra_20230529214513_rleadbeater.fit",2460094.406400463,"2023-05-29T21:45:13",368,"leadbeater","C11_LHIRES_2400_ATK460",0.27211044010002183,6562.1581826076435,-42.00738124179123,0.5686124125424225
"alphadra_20230530205342_ebryssinck.fit",2460095.3706365395,"2023-05-30T20:53:42.997",3610.0,"e.bryssinck","C11_LHiRes_2400_TRIUSSX814",0.2908624908748152,6562.128671327508,-43.34142865971155,0.2008299241080356
"alphadra_20230530211947_agarrigós.fits",2460095.388738426,"2023-05-30T21:19:47",1824,"a. garrigos","C11(F/10)-LHIRESIII_2400 ATIK460EX",0.29121452861829766,6562.137595037149,-42.943197370778336,0.645927307082457
"alphadra_20230530215333_amaetz.fits",2460095.4121949165,"2023-05-30T21:53:33.640800",3000,"a.maetz","Mewlon210 + Lhires3 + 460EX",0.2916707004142154,6562.12467061391,-43.56475044812569,0.5807877627347618
"alphadra_20230531001850_xdupont.fits",2460095.5130800074,"2023-05-31T00:18:50.1126437",4500.0,"xdu","Newton 115x900 + StarEx2400 F23mic + ASI183MM",0.2936326705093677,6562.13516341109,-43.14801354528567,0.4992468236308547
"alphadra_20230531202852_xdupont.fits",2460096.3533799434,"2023-05-31T20:28:52.0270969",5400.0,"xdu","Newton 115x900 + StarEx2400 F23mic + ASI183MM",0.30997446423697284,6562.119925315353,-43.71162892042301,0.8457021115329105
"alphadra_20230531205824_mlarsson.fits",2460096.373891007,"2023-05-31T20:58:24.183",9000.0,"lmn","C8 + StarEx + QHY183",0.3103733546313663,6562.1155500144805,-43.95614296297005,0.2639674760730648
"alphadra_20230531212714_amaetz.fits",2460096.393915861,"2023-05-31T21:27:14.330400",2700,"a.maetz","Mewlon210 + Lhires3 + 460EX",0.3107627894218865,6562.109934938606,-44.217517153841555,0.7174824160228609
"alphadra_20230531221142_vlecocq.fits",2460096.424801222,"2023-05-31T22:11:42.825600",6600.0,"v. lecocq","FSQ106@F8_StarEx2400_fente 19 m_ASI183",0.31136343471442274,6562.115125907078,-44.00209767174239,0.18395762622858827
"alphadra_20230601204631_agarrigós.fits",2460097.365636574,"2023-06-01T20:46:31",1513,"a. garrigos","C11(F/10)-LHIRESIII_2400 ATIK460EX",0.32966039821045,6562.12396489943,-43.53123674935315,0.29197890997123566
"alphadra_20230601210310_xdupont.fits",2460097.377201953,"2023-06-01T21:03:10.2487336",5400.0,"xdu","Newton 115x900 + StarEx2400 F23mic + ASI183MM",0.32988531675172794,6562.11023194579,-44.16617311248295,0.4439141011652726
"alphadra_20230601215427_amaetz.fits",2460097.4128206945,"2023-06-01T21:54:27.708000",4500,"a.maetz","Mewlon210 + Lhires3 + 460EX",0.3305780148015174,6562.100998102329,-44.63283894249706,0.8271962067601167
"alphadra_20230601234444_bchristian.fits",2460097.4894076944,"2023-06-01T23:44:44.824800",7200.0,"cbuil","T200 + StarEx2400  + ASI533MM",0.332067446017021,6562.098463254185,-44.812292599480244,0.7448400199914942
"alphadra_20230603002939_xdupont.fits",2460098.5205933047,"2023-06-03T00:29:39.2615048",4500.0,"xdu","Newton 115x900 + StarEx2400 F23mic + ASI183MM",0.35212150268765186,6562.101238378104,-44.67422715480768,0.4596810775722277
"alphadra_20230603205805_agarrigós.fit",2460099.3736689813,"2023-06-03T20:58:05",2144,"a. garrigos","C11(F/10)-LHIRESIII_2400 ATIK460EX",0.36871175355349806,6562.127190495028,-43.36637588859565,0.9304730753928007
"alphadra_20230604203558_ebryssinck.fit",2460100.3583101854,"2023-06-04T20:35:58.000",4814.0,"e.bryssinck","C11_LHiRes_2400_TRIUSSX814",0.3878606345231219,6562.08517049077,-45.262115823593625,0.3907805630601108
"alphadra_20230604220905_amaetz.fits",2460100.4229808887,"2023-06-04T22:09:05.548800",3601.4,"a.maetz","Mewlon210 + Lhires3 + 460EX",0.3891183227002557,6562.103918461748,-44.4638367087138,1.114867754417946
"alphadra_20230605012321_xdupont.fits",2460100.5578884124,"2023-06-05T01:23:21.5588211",4500.0,"xdu","Newton 115x900 + StarEx2400 F23mic + ASI183MM",0.3917419465148839,6562.11258384348,-44.13885124182651,0.5530432547587685
"alphadra_20230605203414_gbertrand.fits",2460101.357113894,"2023-06-05T20:34:14.6404527",3600.0,"gbertrand","72ED + StarEx2400 + ASI183MM",0.4072849418239741,6562.080705794123,-45.42977876139734,0.5744764918625068
"alphadra_20230605214229_vlecocq.fits",2460101.404506722,"2023-06-05T21:42:29.380800",6000.0,"v. lecocq","FSQ106@F8_StarEx2400_fente 19 m_ASI183",0.40820661726976937,6562.094509729953,-44.85497846884566,0.31944229081715425
"alphadra_20230607012915_xdupont.fits",2460102.5619871938,"2023-06-07T01:29:15.6935286",2700.0,"xdu","Newton 115x900 + StarEx2400 F23mic + ASI183MM",0.43071680238668364,6562.096668334185,-44.82009656950789,0.520684902452722
"alphadra_20230607204105_sdevisscher.fits",2460103.3618646944,"2023-06-07T20:41:05.109600",4200.0,"sdv","AP130EDT + LHIRESIII  + ASI533MM",0.4462724778811378,6562.107856913617,-44.164282107072,0.9564676050574312
"alphadra_20230608031723_rdiz.fits",2460103.6370717594,"2023-06-08T03:17:23",1800,"rdiz","C8 + StarEx2400 + ASI183MM",0.4516245871656963,6562.219411034564,-39.094665588558414,1.3950899174946976
"alphadra_20230608205545_ebryssinck.fit",2460104.3720486113,"2023-06-08T20:55:45.000",3610.0,"e.bryssinck","C11_LHiRes_2400_TRIUSSX814",0.46591810260312627,6562.113182799755,-43.893640525268125,0.4455356650631037
"alphadra_20230608224234_jbroussat.fits",2460104.446226852,"2023-06-08T22:42:34",3535,"jj broussat","C9 LHIRES3_2400 ATIK460",0.46736068929996577,6562.129118634272,-43.22315393679527,1.3252182935484838
"alphadra_20230610210444_ebryssinck.fit",2460106.3782985997,"2023-06-10T21:04:44.999",3611.0,"e.bryssinck","C11_LHiRes_2400_TRIUSSX814",0.5049347942298255,6562.174977965916,-41.00675781206381,0.3942067923045802
"alphadra_20230610235100_bchristian.fits",2460106.493757333,"2023-06-10T23:51:00.633600",6600.0,"cbuil","Askar80PHQ + StarEx2400  + ASI533MM",0.5071801862909808,6562.1698536188815,-41.33460758584153,0.15470162813677685
"alphadra_20230611011550_xdupont.fits",2460106.552668417,"2023-06-11T01:15:50.5511995",3600.0,"xdu","Newton 115x900 + StarEx2400 F23mic + ASI183MM",0.5083258638488815,6562.183060515365,-40.73877558644093,0.26632128414882966
"alphadra_20230611203853_ebertrand.fit",2460107.360335648,"2023-06-11T20:38:53",3104,"ebe","C11-f2800-LhiresIII_2400-35u-Atik314L+",0.5240330306912995,6562.20861919647,-39.404566895203715,0.41548976740796495
"alphadra_20230613204938_ebryssinck.fit",2460109.367812477,"2023-06-13T20:49:38.998",3610.0,"e.bryssinck","C11_LHiRes_2400_TRIUSSX814",0.5630735813880676,6562.24621295868,-37.61628327622597,0.3743058411320745
"alphadra_20230614204742_ebryssinck.fit",2460110.3664583336,"2023-06-14T20:47:42.000",3610.0,"e.bryssinck","C11_LHiRes_2400_TRIUSSX814",0.5824948188470387,6562.284261960231,-35.82740289811048,0.2579619971441256
"alphadra_20230615203201_vlecocq.fits",2460111.3555738055,"2023-06-15T20:32:01.576800",2400.0,"v. lecocq","FSQ106@F8_StarEx2400_fente 19 m_ASI183",0.6017307134635814,6562.326510023766,-33.83848387631417,0.2494548892887522
"alphadra_20230615204618_ebryssinck.fit",2460111.365497662,"2023-06-15T20:46:18.998",3610.0,"e.bryssinck","C11_LHiRes_2400_TRIUSSX814",0.6019237083839926,6562.324137589669,-33.95189576814753,0.2573954064070144
"alphadra_20230615213318_gbertrand.fits",2460111.398126836,"2023-06-15T21:33:18.1586276",3600,"gbertrand","72ED + StarEx2400 + ASI183MM",0.6025582665976685,6562.330369924639,-33.680511128014004,1.8575465552438746
"alphadra_20230615214714_fweil.fits",2460111.4078058074,"2023-06-15T21:47:14.4217450",1800.0,"f.weil","Mak127 + StarEx (2400 80x80 23u) + ASI183MM",0.6027464990951046,6562.317283950187,-34.29371440783795,0.5320895215595277
"alphadra_20230616202143_bchristian.fits",2460112.34841675,"2023-06-16T20:21:43.207200",6000.0,"cbuil","Askar107PHQ + StarEx2400  + ASI533MM",0.6210390983687546,6562.348509845932,-32.77752988436815,0.06742432286211093
"alphadra_20230616203554_vlecocq.fits",2460112.358271889,"2023-06-16T20:35:54.691200",2400.0,"v. lecocq","FSQ106@F8_StarEx2400_fente 19 m_ASI183",0.621230756897944,6562.345183223415,-32.93127401457796,0.4837482554294127
"alphadra_20230616204950_ebryssinck.fit",2460112.367939815,"2023-06-16T20:49:50.000",3610.0,"e.bryssinck","C11_LHiRes_2400_TRIUSSX814",0.6214187745875108,6562.349555455948,-32.735841000011916,0.19944127161765537
"alphadra_20230616205118_amaetz.fits",2460112.3689583335,"2023-06-16T20:51:18",2727,"amaetz","Mewlon210_L2400-AM_23m_Atik460",0.6214385823012378,6562.366413242814,-31.974332107440166,0.7126557880472304
"alphadra_20230623205240_vlecocq.fits",2460119.369917583,"2023-06-23T20:52:40.879200",3600.0,"v. lecocq","FSQ106@F8_StarEx2400_fente 19 m_ASI183",0.7575902432149064,6562.782634763496,-12.468980184445094,0.31882463340708045
"alphadra_20230623205358_sdevisscher.fits",2460119.3708146946,"2023-06-23T20:53:58.389600",6000.0,"sdv","AP130EDT + LHIRESIII  + ASI533MM",0.7576076898531028,6562.76587502508,-13.23889326580406,0.6041195081718447
"alphadra_20230623231741_xdupont.fits",2460119.470616733,"2023-06-23T23:17:41.2857318",3000.0,"xdu","Dall-Kirkham 350mm + StarEx2400 + ASI183MM",0.7595485972113352,6562.771848965954,-13.014384827255467,0.49460862903917574
"alphadra_20230624211307_ebryssinck.fit",2460120.3841203474,"2023-06-24T21:13:07.998",3610.0,"e.bryssinck","C11_LHiRes_2400_TRIUSSX814",0.7773140247614378,6562.88447473311,-7.7381106982814885,0.38041993322332723
"alphadra_20230624211824_gbertrand.fits",2460120.387781509,"2023-06-24T21:18:24.3223961",4800,"gbertrand","72ED + StarEx2400 + ASI183MM",0.7773852254692315,6562.885937195389,-7.664916784428014,0.6236876360204354
"alphadra_20230624230322_fweil.fits",2460120.4606757998,"2023-06-24T23:03:22.3891030",2700.0,"f.weil","Mak127 + StarEx (2400 80x80 23u) + ASI183MM",0.7788028424523077,6562.855995696388,-9.082760193785639,1.0915209883963861
"alphadra_20230625205725_xdupont.fits",2460121.3732070928,"2023-06-25T20:57:25.0928331",3000.0,"xdu","Dall-Kirkham 350mm + StarEx2400 + ASI183MM",0.7965493607144936,6562.950709501533,-4.614894105282993,0.18946365340646246
"alphadra_20230625210226_sdevisscher.fits",2460121.3766990276,"2023-06-25T21:02:26.796000",5400.0,"sdv","AP130EDT + LHIRESIII  + ASI533MM",0.7966172703699215,6562.973771910296,-3.578299170761156,0.12625742970613799
"alphadra_20230627205042_sdevisscher.fits",2460123.368549472,"2023-06-27T20:50:42.674400",4200.0,"sdv","AP130EDT + LHIRESIII  + ASI533MM",0.835353925826638,6563.190341458558,6.49992197997363,0.20326471440100652
"alphadra_20230627210218_xdupont.fits",2460123.3766006366,"2023-06-27T21:02:18.2950109",600.0,"xdu","Dall-Kirkham 350@F5.5 + StarEx2400 + ASI183MM",0.8355105014290416,6563.19681230755,6.804137656349596,0.33299324821185555
"alphadra_20230627220033_fweil.fits",2460123.4170519337,"2023-06-27T22:00:33.2870632",2700.0,"f.weil","Mak127 + StarEx (2400 80x80 23u) + ASI183MM",0.8362971809519308,6563.258919472651,9.612644254545197,0.8675033808816848
"alphadra_20230629024043_rdiz.fits",2460124.6116087963,"2023-06-29T02:40:43",3600,"rdiz","C8 + StarEx2400 + ASI183MM",0.8595284118584345,6563.439053455292,17.96535214179902,0.5798277708185904
"alphadra_20230629210101_xdupont.fits",2460125.375713865,"2023-06-29T21:01:01.6779156",3600.0,"xdu","Dall-Kirkham 350@F5.5 + StarEx2400 + ASI183MM",0.87438840039448,6563.509613083421,21.28394206751029,0.28776102475654136
"alphadra_20230701041615_astiewing.fits",2460126.677951389,"2023-07-01T04:16:15",1206,"albert stiewing","C14_Lhires3_#154_2400_Atik460EX",0.89971375874876,6563.731473896169,31.54653143715172,0.5406198254244071
"alphadra_20230702040708_astiewing.fits",2460127.6716203704,"2023-07-02T04:07:08",1067,"albert stiewing","C14_Lhires3_#154_2400_Atik460EX",0.9190382080686277,6563.9069876440735,39.67144547655944,0.4046609330718778
"alphadra_20230703203630_xdupont.fits",2460129.3586851815,"2023-07-03T20:36:30.3996899",3600.0,"xdu","Dall-Kirkham 350@F5.5 + StarEx2400 + ASI183MM",0.951847522894127,6564.107400067511,49.01371619162842,0.16915457896958247
"alphadra_20230705205450_xdupont.fits",2460131.3714202726,"2023-07-05T20:54:50.7115601",3600.0,"xdu","Dall-Kirkham 350@F5.5 + StarEx2400 + ASI183MM",0.9909903340241613,6564.100848255502,48.92593880239846,0.2780016986042092
"alphadra_20230706051000_astiewing.fits",2460131.715277778,"2023-07-06T05:10:00",1206,"albert stiewing","C14_Lhires3_#154_2400_Atik460EX",0.997677527707566,6564.055144149698,46.83566524035072,0.542305552543194
"alphadra_20230706214258_fweil.fits",2460132.4048461984,"2023-07-06T21:42:58.7115482",3600.0,"f.weil","Mak127 + StarEx (2400 80x80 23u) + ASI183MM",0.01108795939322249,6563.940831493407,41.709039371500516,1.7252414901701465
"alphadra_20230708204426_xdupont.fits",2460134.3641961883,"2023-07-08T20:44:26.5506793",3600.0,"xdu","Dall-Kirkham 350@F5.5 + StarEx2400 + ASI183MM",0.04919255990881766,6563.448500676839,19.481174599543266,0.4348962623186397
"alphadra_20230708210725_sdevisscher.fits",2460134.3801568057,"2023-07-08T21:07:25.548000",6000.0,"sdv","AP130EDT + LHIRESIII  + ASI533MM",0.049502955170140694,6563.4270489579485,18.47828098907602,0.37614896057703
"alphadra_20230710203104_xdupont.fits",2460136.3549098303,"2023-07-10T20:31:04.2093287",3600.0,"xdu","Dall-Kirkham 350@F5.5 + StarEx2400 + ASI183MM",0.08790710731477702,6562.947041688084,-3.172568522362874,0.12071222754811091
"alphadra_20230710210421_fweil.fits",2460136.3780250554,"2023-07-10T21:04:21.3648054",3600.0,"f.weil","Mak127 + StarEx (2400 80x80 23u) + ASI183MM",0.08835664232597651,6562.895971530106,-5.521583601617294,1.1774111150710307
"alphadra_20230711043727_astiewing.fits",2460136.692673611,"2023-07-11T04:37:27",1387,"albert stiewing","C14_Lhires3_#154_2400_Atik460EX",0.09447579284807262,6562.895172772066,-5.5350936229490095,0.522774291340834
"alphadra_20230712202948_xdupont.fits",2460138.354036895,"2023-07-12T20:29:48.7877221",3600.0,"xdu","Dall-Kirkham 350@F5.5 + StarEx2400 + ASI183MM",0.12678527536962747,6562.5859488299575,-19.408614552653283,0.3812297936307726
"alphadra_20230712205403_ebryssinck.fit",2460138.3708795947,"2023-07-12T20:54:03.997",4212.0,"e.bryssinck","C11_LHiRes_2400_TRIUSSX814",0.12711282498739251,6562.600497878469,-18.75557020344057,0.09973189809855681
"alphadra_20230713203623_vlecocq.fits",2460139.3586041667,"2023-07-13T20:36:23.400000",3600.0,"v. lecocq","FSQ106@F8_StarEx2400_fente 19 m_ASI183",0.14632166997574814,6562.460061157977,-25.039698338384795,0.16028605689027287
"alphadra_20230713204300_sdevisscher.fits",2460139.3631998887,"2023-07-13T20:43:00.470400",6000.0,"sdv","AP130EDT + LHIRESIII  + ASI533MM",0.1464110456128367,6562.525623022133,-22.049777763451598,0.4403151718106706
"alphadra_20230714205241_sdevisscher.fits",2460140.3699255,"2023-07-14T20:52:41.563200",6000.0,"sdv","AP130EDT + LHIRESIII  + ASI533MM",0.16598941468427597,6562.359242433418,-29.517471430005607,0.2781247367751653
"alphadra_20230714213434_vlecocq.fits",2460140.3990049167,"2023-07-14T21:34:34.024800",3600.0,"v. lecocq","FSQ106@F8_StarEx2400_fente 19 m_ASI183",0.16655493874321792,6562.351212435864,-29.896789630837226,0.1993394954507369
"alphadra_20230715203832_ebryssinck.fit",2460141.3601041553,"2023-07-15T20:38:32.999",1202.0,"e.bryssinck","C11_LHiRes_2400_TRIUSSX814",0.18524598563715244,6562.288626599149,-32.587593179722674,0.19751109069022996
"alphadra_20230715210531_xdupont.fits",2460141.3788369126,"2023-07-15T21:05:31.5092460",2400.0,"xdu","Dall-Kirkham 350@F5.5 + StarEx2400 + ASI183MM",0.1856102922885725,6562.25242611942,-34.25017661999841,0.4653110457524455
"alphadra_20230721202919_xdupont.fits",2460147.3536934396,"2023-07-21T20:29:19.1131764",3600.0,"xdu","Dall-Kirkham 350@F5.5 + StarEx2400 + ASI183MM",0.301806746355453,6562.023989989116,-43.78766946486602,0.343620804815971
"alphadra_20230721211011_mlelain.fits",2460147.3820781596,"2023-07-21T21:10:11.553",4500.0,"mlelain","Mak127 + StarEx2400  + ASI183MM",0.30235876024832464,6562.022962259469,-43.84135691602287,0.656222352298632
"alphadra_20230722003002_mlelain.fits",2460147.520866759,"2023-07-22T00:30:02.888",4200.0,"mlelain","Mak127 + StarEx2400  + ASI183MM",0.305057861566695,6562.036916178297,-43.22653346017995,0.49955667233876594
"alphadra_20230722202708_sdevisscher.fits",2460148.3521844447,"2023-07-22T20:27:08.736000",4200.0,"sdv","AP130EDT + LHIRESIII  + ASI533MM",0.3212249723292757,6562.004277684363,-44.54481590109535,0.665321952676703
"alphadra_20230729202251_xdupont.fits",2460155.349208872,"2023-07-29T20:22:51.6465199",3000.0,"xdu","Dall-Kirkham 350@F5.5 + StarEx2400 + ASI183MM",0.45730011049781183,6562.011959014554,-43.043718586890954,0.22241715297094053
"alphadra_20230811212450_vdesnoux.fits",2460168.3922500834,"2023-08-11T21:24:50.407200",1800.0,"vdesnoux","Askar107 + StarEx2400_vhd + ASI183MM",0.7109555969798578,6562.436718935805,-21.346568076828085,0.26293115731561806
